﻿<?xml version="1.0" encoding="UTF-8"?>

<!-- This file is part of DobuDish                                           -->

<!-- DobuDish is free software; you can redistribute it and/or modify        -->
<!-- it under the terms of the GNU General Public License as published by    -->
<!-- the Free Software Foundation; either version 2 of the License, or       -->
<!-- (at your option) any later version.                                     -->

<!-- DobuDish is distributed in the hope that it will be useful,             -->
<!-- but WITHOUT ANY WARRANTY; without even the implied warranty of          -->
<!-- MERCHANTABILITY or FITNESS FOR A PARTICULAR PURPOSE.  See the           -->
<!-- GNU General Public License for more details.                            -->

<!-- You should have received a copy of the GNU General Public License       -->
<!-- along with DobuDish; if not, write to the Free Software                 -->
<!-- Foundation, Inc., 59 Temple Place, Suite 330, Boston, MA 02111-1307 USA -->

<!DOCTYPE article PUBLIC "-//OASIS//DTD DocBook XML V4.5//EN"
          "http://www.oasis-open.org/docbook/xml/4.5/docbookx.dtd"
  [
    <!ENTITY % global.entities SYSTEM "../../../system/custom-xsl/global-entities.xml">
    %global.entities;

    <!ENTITY % entities SYSTEM "../custom-cfg/local-entities.xml">
    %entities;
  ]
>

<article lang="en">

<articleinfo>

  <title>&dobudish; Release Notes</title>
    <copyright>
      <year>2006-2008</year>
      <holder>AGYNAMIX</holder>
    </copyright>
    
    <releaseinfo>Version &docversion;</releaseinfo>
    
</articleinfo>

<para></para>

<sect1><title>Release Notes</title>
  <para></para>
  <itemizedlist>
    <listitem><para><emphasis role="bold" >Version 1.1.1</emphasis></para>
	   <itemizedlist>
		  <listitem><para>I expanded the manual to document the existing build hooks that are at your
		  disposal.</para></listitem>
		</itemizedlist>
	</listitem>
    <listitem><para><emphasis role="bold" >Version 1.1.0</emphasis></para>
	   <itemizedlist>
		  <listitem><para>I have added new global hooks into the Ant build scripts. Using the global
		    hooks you can define actions for all documents in your document directory. A global hook
			is executed only if no local hook of the same name exists. To call a global hook additionally
			to the local one you have to explicitly call it from the local hook.
		  </para><para>
		    There is a new file called <emphasis>build-user-augments.xml</emphasis> which is supposed to hold
			the global hooks you define.
		  </para><para>
		    Also there are new global hooks around the <emphasis>create</emphasis> target- a few of them
			without local counterparts because there is not yet a localbuild.xml in existence.
			Please see the manual for a (hopefully) complete list of build hooks.
		  </para>
		  </listitem>
		</itemizedlist>
	</listitem>
    <listitem><para><emphasis role="bold" >Version 1.0.0</emphasis></para>
	   <itemizedlist>
		  <listitem><para>I renamed <emphasis role="bold">Dopus</emphasis> to 
		    <emphasis role="bold">DobuDish</emphasis> due to a naming conflict 
			with <ulink url="http://www.gpsoft.com.au/intro.html">Dopus</ulink>.
		  </para></listitem>
		</itemizedlist>
	</listitem>
    <listitem><para><emphasis role="bold" >Version 0.9.16</emphasis></para>
	   <itemizedlist>
		  <listitem><para>Fixed bug with the new document.type mechanism. There was an oversight
		  for documents that contain sub documents of a different document type than the main
		  document. In <emphasis>localbuild.properties</emphasis> you can now add additional entries
		  of the form
		  <programlisting>
		    document.&lt;file name&gt;.type=article|book|...
		  </programlisting>
		  Now when you process your sub document and an entry for this document is found it overwrites
		  the <emphasis>document.type</emphasis> setting.
		  </para><para>
		  This also is possible for the master document. So you might set <emphasis>document.type</emphasis>
		  to the default document type and overwrite only those that differ from that one.
		  </para>
		  </listitem>
		</itemizedlist>
	</listitem>
    <listitem><para><emphasis role="bold" >Version 0.9.15</emphasis></para>
      <itemizedlist>
			  <listitem><para>There is a new property in localbuild.properties which determines the type of the document.
				The templates have been adapted but you have to adapt your existing documents yourself. To do that
				please insert into localbuild.properties:
				<programlisting>
   document.type = &lt;doctype&gt;
				</programlisting>
				where &lt;doctype&gt; is one of <emphasis>book, article, set, slides, webpage</emphasis>.
				</para>
				<para>The old way is still supported but deprecated.</para>
				</listitem>
				<listitem><para>Cleaned up some glitches with the website document type.</para></listitem>
			</itemizedlist>
	  </listitem>
    <listitem><para><emphasis role="bold" >Version 0.9.14</emphasis></para>
      <itemizedlist>
        <listitem><para>Support for Website creation. The new targets &quot;ws-tab&quot; for the
          creation of tabular website and &quot;website&quot; for non tabular websites.</para></listitem>
        <listitem><para>If you now create a directory &quot;copy_to_output&quot; it's content will
                        entirely and recursively be copied to the output directory.</para></listitem>
        <listitem><para>You can now have a folder &quot;common-files&quot; in the &quot;custom-cfg&quot;
          folder of your document. If that one exists, common files will be taken from there instead
          from the global &quot;custom-xsl&quot; directory.</para></listitem>
        <listitem><para>Cleaned up a bug in the generator script that appeared on Linux.</para></listitem>
        <listitem><para>No more warnings when a specific style.css is not available</para></listitem>
      </itemizedlist>
    </listitem>
  </itemizedlist>
  <itemizedlist>
    <listitem><para><emphasis role="bold" >Version 0.9.13</emphasis></para></listitem>
    <listitem><para>Bug fix: There where problems with the included font. The XML files where not
     created properly in order to support being search on for instance in Acrobat Reader.</para></listitem>
    <listitem><para>Bug fix: The XSL file resolve-xinclude.xsl still put DocBook 4.4 in the header
    which would cause problems in that the system would bot use the cataloged DocBook 4.5 files
    but would rather download the 4.4 ones. </para></listitem>
  </itemizedlist>
  <itemizedlist>
    <listitem><para><emphasis role="bold">Version 0.9.12</emphasis></para>
      <itemizedlist>
        <listitem><para>
          Added more build file hooks (local-pre-...) when document types need more than one
          step to generate. There is also such a hook before the cleanup step is called. This
          is useful if you want to copy or keep files that would otherwise be deleted.
        </para></listitem>
        <listitem><para>
          Removed the commented out hooks from the localbuild.xml files. Please see the manual
          for all available hooks. The files would just be too cluttered if they would contain
          all the possible hooks and would get in your way seeing the few hooks you really need
          in your current project.
        </para></listitem>
        <listitem><para>
          Added more build file hooks (local-pre-...) when document types need more than one
          step to generate. There is also such a hook before the cleanup step is called. This
          is useful if you want to copy or keep files that would otherwise be deleted.
        </para></listitem>
      </itemizedlist>
    </listitem>
    <listitem><para><emphasis role="bold">Version 0.9.11</emphasis></para>
      <itemizedlist>
        <listitem><para>
          Support for the <emphasis role="bold" >DocBook Set</emphasis> data type.
        </para></listitem>
      </itemizedlist>
    </listitem>
    <listitem><para><emphasis role="bold">Version 0.9.9</emphasis></para>
      <itemizedlist>
        <listitem><para>
          Support for <emphasis role="bold">Docbook Slides</emphasis>. Requested by some faithful users
          I finally got around to implement them. You can create a Slides document by issueing:
          <programlisting>
   ./generator.bat fluffyslides create slides          
          </programlisting>
          You can use the usual targets to generate the output. Additional to <emphasis>pdf, html, xhtml</emphasis>
          you can use <emphasis>tablehtml, framehtml, tablexhtml, framexhtml</emphasis>.
        </para>
        <para>
          You should see the Slides support als beta release. The customization layer is virtually not existent at
          the moment. I'd ask those working with slides to make suggestions as to what needs to be included.
          The targets <emphasis>svg</emphasis> and <emphasis>htmlhelp</emphasis> do not work yet. You are free 
          and very, very welcome to give your feedback and help in making slides support better.
        </para></listitem>
        <listitem><para>
          Now build on a Mac. That means the generator.sh script is packaged with the right
          permissions (755) so you can execute it right away.
        </para></listitem>
      </itemizedlist> 
    </listitem>
    <listitem><para><emphasis role="bold">Version 0.9.8</emphasis></para>
      <itemizedlist>
        <listitem><para>
          Changed property substitution to use <emphasis>VPP</emphasis>. The
          former mechanism could not access properties that did not come from
          a property file but where generated inside Ant (a timestamp for example).
          Variables are now expressed by \$ant.get(&quot;<emphasis>PropertyName</emphasis>&quot;).
        </para></listitem>
      </itemizedlist> 
    </listitem>
    <listitem><para><emphasis role="bold">Version 0.9.7</emphasis></para>
      <itemizedlist>
        <listitem><para>Property substitution in Docbook documents: The separator can be adjusted in 
        build.properties (or overwritten in localbuild.properties if you want to have different 
        separators in your files). This mechanism is disabled by default, to enable, set 
        'substitute.properties=yes' in your build.properties file (or localbuild.properties)</para></listitem>
        <listitem><para>Linebreak support in html based and fo customization layers:<?lb ?>
        Just type &lt;?lb ?&gt; which will result in a line<?lb ?> at the resulting position.</para></listitem>
        <listitem><para>Added target &quot;manpages&quot;</para> </listitem>
        <listitem><para>Added target &quot;wordml&quot;</para> </listitem>
        <listitem><para>You can now have multiple documents within a document directory. 
        To process documents other then the master document (same name as the doc dir):
        <computeroutput>generator.bat fluff pdf subfluff</computeroutput></para><para>
        If the 3rd parameter is omitted the document is assumed to be of the same name as the documents
        directory (e.g. fluff.xml for a document directory named &quot;fluff&quot; (as usual).
        </para>
        </listitem>
      </itemizedlist>
    </listitem>
    <listitem><para><emphasis role="bold">Version 0.9.6</emphasis></para>
      <itemizedlist>
        <listitem><para>Support for HTTP Proxy for Fop and Saxon. To use the proxy,
        please open the file &quot;build.properties&quot; in a file editor and edit the
        lines with the entries &quot;http.proxyHost=&quot; and &quot;http.proxyPort=&quot;</para>
        <para>
          Please add your proxy host and port here like so:
          <programlisting>
   http.proxyHost=host.example.com
   http.proxyPort=8080       
          </programlisting>
          You administrator should know these values.
        </para></listitem>
        <listitem><para>
          Moved some properties into the global build.properties file. These values can be adapted
          if the need arises. You can also overwrite those values in the document local file
          localbuild.properties.
        </para> </listitem>
        <listitem><para>
        Javahelp now indexes it's help sets.
        </para></listitem>
        <listitem><para>
        I split the &dobudish; distributions into one with JRE (the big one) and one without. If you already have
        your Windows&reg; JRE installed or you are using &dobudish; on a Unix&trade; or Mac OS X&reg; machine,
        you should download the version without the JRE. It looks for the environment variable &quot;JAVA_HOME&quot;.
        If this is found &dobudish; will use the Java version pointed to by the variable. If it is not found &dobudish; will
        try and search &quot;java&quot; in the PATH variable. If it finds it it will be used, otherwise &dobudish;
        will give up with an error message.
        </para></listitem>
      </itemizedlist>
    </listitem>
    <listitem><para><emphasis role="bold">Older versions:</emphasis></para>
      <itemizedlist>
        <listitem><para>Added the GPL note to the files sources</para></listitem>
        <listitem><para>create License directory</para></listitem>
        <listitem><para>remove unneeded stuff</para></listitem>
        <listitem><para>Switch to UTF-8</para></listitem>
        <listitem><para>distribute target for documents</para></listitem>
        <listitem><para>version number per document (document.version) in localbuild.properties</para></listitem>
        <listitem><para>support for multiple Docbook versions</para></listitem>
      </itemizedlist>
    </listitem>
  </itemizedlist>
</sect1>

</article>
